{
	"MorningPrayer" : {
		"Name": {
			"EN": "Morning Prayer",
			"CY": "Boreol Gweddi"
		},
		"Introduction": { 
			"Location": "MorningPrayer/Introductions",
			"File" : "OpeningB"
		},
		"Canticle": {
			"Location" : "Canticles",
			"File" : ["Venite","Jubilate"]
		},
		"GospelCanticle":{
			"Location" : "GospelCanticle",
			"File":"Benedictus"
		},
		"Affirmation":{
			"Location":"Creeds",
			"File":"Apostles"
		},
		"Intercessions": {
			"Location":"Intercessions",
			"File" :"Intercessions"
		},
		"Prayer" : {
			"Location":"Prayer",
			"File": "LordsPrayer"
		},
		"Collect": {
			"Location":"Collect",
			"File":"Peace"
		},
		"Collect1": {
			"Location":"Collect",
			"File":"Grace"
		},
		"Conclusion": {
			"Location": "Conclusion",
			"File":"Conclusion1"
		}
	}
}
